24hour1(1)_N.jpg,
24hour1(5)_License.jpg,
24hour1(10)_License.jpg,11072L2
24hour1(14)_N.jpg,BMOU 561240 45G1 
24hour1(17)_N.jpg,BMOU 561240 45G1
24hour1(18)_N.jpg,BMOU 561240 45G1
24hour1(19)_N.jpg,BMOU 561240 45G1
24hour1(21)_N.jpg,BMOU 561240 45G1
24hour1(22)_N.jpg,BMOU 561240 45G1
24hour1(24)_N.jpg,TRHU 470838 45G1
24hour1(25)_License.jpg,
24hour1(25)_N.jpg,TRHU 470838 45G1
24hour1(26)_N.jpg,TRHU 470838 45G1
24hour1(27)_License.jpg,
24hour1(29)_License.jpg,
24hour1(31)_License.jpg,
24hour1(35)_License.jpg,
24hour1(36)_License.jpg,
24hour1(39)_License.jpg,
24hour1(39)_N.jpg,CMAU 635066 45G1
24hour1(41)_License.jpg,
24hour1(43)_License.jpg,
catest01-0-15112021-2125-34-_N.jpg,163677
Driving(2)_N.jpg,92904MSM
Driving(4)_N.jpg,
Driving(5)_N.jpg,
Driving(11)_N.jpg,
Driving(12)_N.jpg,
Driving(20)_N.jpg,SHT2146
Driving(21)_N.jpg,SHT2146
Driving(27)_N.jpg,153198
Driving(35)_N.jpg,
Driving(36)_N.jpg,
Driving(39)_N.jpg,1-888-664-4004
Driving(40)_License.jpg,
Driving(40)_N.jpg,
Driving(43)_N.jpg,SWFZ182761
Driving(58)_N.jpg,HGIU 503299
Driving(59)_N.jpg,
Driving(67)_N.jpg,
Driving(68)_N.jpg,
Driving(69)_N.jpg,
Driving(73)_N.jpg,800-543-5589
Driving(77)_N.jpg,
Driving(81)_N.jpg,D620309
Driving(82)_License.jpg,
Driving(82)_N.jpg,D620309
Driving(85)_License.jpg,
Driving(87)_N.jpg,139160
Driving(88)_N.jpg,139160
Driving(90)_N.jpg,139160
Driving(93)_N.jpg,
Driving(94)_License.jpg,
Driving(95)_N.jpg,
Driving(98)_N.jpg,
Driving(99)_N.jpg,
Driving(100)_N.jpg,
Driving(103)_N.jpg,
Driving(104)_N.jpg,
Driving(106)_N.jpg,
Driving(110)_N.jpg,HGIU 514373
Driving(113)_License.jpg,
Driving(119)_N.jpg,
Driving(120)_N.jpg,
Driving(123)_N.jpg,53246
Driving(129)_N.jpg,P5159562
Driving(135)_N.jpg,
Driving(136)_License.jpg,
Driving(136)_N.jpg,523376
Driving(138)_N.jpg,53258
Driving(140)_License.jpg,
Driving(143)_License.jpg,
Driving(143)_N.jpg,
Driving(144)_N.jpg,
Driving(145)_N.jpg,
Driving(148)_N.jpg,
Driving(151)_N.jpg,
Driving(152)_License.jpg,
Driving(152)_N.jpg,314446
Driving(153)_N.jpg,314446
Driving(154)_License.jpg,
Driving(154)_N.jpg,314446
Driving(161)_N.jpg,
Driving(164)_License.jpg,
Driving(167)_N.jpg,
Driving(168)_N.jpg,
Driving(174)_N.jpg,
Driving(176)_N.jpg,8772213213
Driving(178)_N.jpg,
Driving(179)_N.jpg,
Driving(180)_N.jpg,877.221.3213
Driving(181)_N.jpg,439654
Driving(182)_N.jpg,439654
Driving(183)_N.jpg,877.221.3213
Driving(184)_License.jpg,
Driving(186)_N.jpg,877.221.3213
Driving(187)_N.jpg,
Driving(191)_License.jpg,
Driving(193)_N.jpg,T196
Driving(194)_License.jpg,
Driving(195)_N.jpg,T196
Driving(196)_License.jpg,
Driving(197)_N.jpg,T196
Driving(200)_License.jpg,088 649
Driving(200)_N.jpg,
Driving(202)_N.jpg,877-PRIME-JOB
Driving(205)_N.jpg,215373
Driving(207)_License.jpg,
Driving(207)_N.jpg,215373
Driving(212)_N.jpg,215373
Driving(213)_N.jpg,215373
Driving(215)_N.jpg,215373
Driving(225)_N.jpg,215373
Driving(226)_N.jpg,215373
Driving(228)_License.jpg,
Driving(231)_N.jpg,215373
Driving(232)_N.jpg,215373
Driving(233)_License.jpg,
Driving(237)_License.jpg,
Driving(238)_License.jpg,
Driving(238)_N.jpg,
Driving(239)_License.jpg,
Driving(241)_License.jpg,
Driving(243)_License.jpg,
Driving(244)_License.jpg,
Driving(247)_License.jpg,
Driving(250)_License.jpg,
Driving(254)_License.jpg,
Driving(266)_License.jpg,
Driving(266)_N.jpg,
Driving(269)_N.jpg,164168
Driving(271)_N.jpg,-104
Driving(287)_N.jpg,1-888-SHIP-GSO
Driving(288)_N.jpg,1-888-SHIP-GSO
Driving(294)_N.jpg,
Driving(296)_N.jpg,61832
Driving(302)_N.jpg,
Driving(303)_License.jpg,
Driving(306)_License.jpg,124096
Driving(313)_N.jpg,
Driving(314)_N.jpg,
Driving(320)_N.jpg,39936
Driving(321)_License.jpg,
Driving(322)_N.jpg,
Driving(323)_N.jpg,
Driving(324)_License.jpg,
Driving(327)_N.jpg,
Driving(328)_License.jpg,
Driving(328)_N.jpg,
Driving(332)_N.jpg,
Driving(334)_License.jpg,
IMG_8148_License.jpg,
IMG_9014_License.jpg,P561397
IMG_9014_N.jpg,23168
IMG_9016_License.jpg,
IMG_9016_N.jpg,1232
IMG_9017_License.jpg,
IMG_9023_N.jpg,
IMG_9026_License.jpg,
IMG_9027_License.jpg,4HL5344
IMG_9029_N.jpg,(323)890-8100
IMG_9033_License.jpg,
IMG_9033_N.jpg,951.429.2899
IMG_9034_License.jpg,
IMG_9160_N.jpg,W88717
IMG_9164_License.jpg,4ER5038
IMG_9166_License.jpg,
IMG_9170_N.jpg,
IMG_9171_N.jpg,
IMG_9174_License.jpg,
IMG_9175_N.jpg,86813
IMG_9183_N.jpg,
IMG_9184_License.jpg,
IMG_9184_N.jpg,
IMG_9185_License.jpg,
IMG_9185_N.jpg,
IMG_9186_License.jpg,
IMG_9186_N.jpg,R6043
IMG_9187_License.jpg,4RY5551
IMG_9191_License.jpg,4PL6628
IMG_9192_N.jpg,U65733
IMG_9194_N.jpg,SWFZ136208
IMG_9195_N.jpg,SWFZ136208
IMG_9196_License.jpg,P375368
IMG_9196_N.jpg,SWFZ136208
IMG_9197_N.jpg,SWFZ136208
IMG_9200_License.jpg,
IMG_9204_License.jpg,41W3323
IMG_9205_License.jpg,41W3323
IMG_9211_N.jpg,SWFZ131498
IMG_9212_N.jpg,
IMG_9219_License.jpg,
IMG_9219_N.jpg,SWFZ153670
IMG_9221_License.jpg,
IMG_9224_License.jpg,
IMG_9225_License.jpg,C 181810
IMG_9226_License.jpg,C 181810
IMG_9227_License.jpg,
IMG_9229_N.jpg,
IMG_9231_N.jpg,
IMG_9233_License.jpg,
IMG_9235_N.jpg,U99969
IMG_9236_N.jpg,U99969
IMG_9288_License.jpg,
IMG_9290_N.jpg,17122
IMG_9291_License.jpg,
IMG_9291_N.jpg,K1090
IMG_9293_N.jpg,2088
IMG_9294_N.jpg,20578
IMG_9295_License.jpg,
IMG_9295_N.jpg,20578
IMG_9296_License.jpg,
IMG_9296_N.jpg,
IMG_9300_License.jpg,
IMG_9300_N.jpg,
IMG_9302_N.jpg,
IMG_9303_License.jpg,80A78905
IMG_9305_N.jpg,
IMG_9306_License.jpg,P449954
IMG_9307_N.jpg,
IMG_9309_N.jpg,
IMG_9310_License.jpg,
IMG_9315_License.jpg,4HD9882
IMG_9315_N.jpg,5389
IMG_9320_License.jpg,
MD(15)_License.jpg,
MD(16)_License.jpg,
MD(17)_License.jpg,
MD(17)_N.jpg,92098
MD(18)_N.jpg,
MD(22)_N.jpg,
MD(23)_N.jpg,
MD(26)_N.jpg,
MD(33)_License.jpg,
MD(35)_License.jpg,
MD(36)_License.jpg,
MD(38)_License.jpg,
MD(59)_N.jpg,
MD(62)_N.jpg,
MD(64)_N.jpg,
MD(71)_N.jpg,
MD(76)_License.jpg,
MD(78)_N.jpg,
MD(80)_License.jpg,
MD(81)_N.jpg,
MD(82)_License.jpg,
MD(82)_N.jpg,
MD(84)_N.jpg,
MD(87)_N.jpg,
MD(90)_N.jpg,
MD(92)_N.jpg,
MD(93)_N.jpg,
MD(98)_N.jpg,
MD(100)_N.jpg,
MD(101)_License.jpg,
MD(102)_N.jpg,
MD(103)_License.jpg,
MD(105)_N.jpg,
MD(107)_N.jpg,
MD(111)_N.jpg,
MD(112)_N.jpg,
MD(117)_N.jpg,
MD(118)_N.jpg,
MD(122)_N.jpg,
MD(124)_N.jpg,
MD(140)_N.jpg,
MD(143)_License.jpg,
MD(143)_N.jpg,
MD(144)_License.jpg,
MD(144)_N.jpg,
MD(147)_N.jpg,
MD(149)_N.jpg,
MD(151)_N.jpg,
newsnapshot_2021_11_04_09_36_53_N.jpg,
security(6)_N.jpg,
security(10)_N.jpg,
security(11)_N.jpg,
security(13)_License.jpg,
security(13)_N.jpg,
security(14)_N.jpg,
security(15)_License.jpg,
security(18)_N.jpg,
security(19)_License.jpg,
security(22)_N.jpg,
security(24)_License.jpg,
security(26)_N.jpg,
security(29)_License.jpg,
security(29)_N.jpg,
security(37)_License.jpg,
security(40)_License.jpg,
security(41)_License.jpg,
security(43)_License.jpg,
security(44)_N.jpg,
security(47)_N.jpg,
security(48)_N.jpg,
security(55)_License.jpg,
security(55)_N.jpg,
security(57)_License.jpg,
security(58)_License.jpg,
security(61)_License.jpg,
security(63)_N.jpg,
security(65)_License.jpg,
security(65)_N.jpg,
security(66)_N.jpg,
security(68)_License.jpg,
security(69)_License.jpg,
security(70)_License.jpg,
security(71)_License.jpg,
security(78)_License.jpg,
security(81)_License.jpg,
security(81)_N.jpg,
security(83)_License.jpg,
security(85__License.jpg,
security(86)_License.jpg,
security(90)_License.jpg,
security(92)_License.jpg,
security(93)_License.jpg,
security(93)_N.jpg,
snapshot_2021_11_05_11_15_09_N.jpg,
snapshot_2021_11_05_11_15_10_N.jpg,
snapshot_2021_11_05_11_15_49_License.jpg,
snapshot_2021_11_05_11_15_51_License.jpg,
snapshot_2021_11_05_11_15_54_License.jpg,
snapshot_2021_11_05_11_19_07 (1)_N.jpg,
snapshot_2021_11_05_11_22_17_License.jpg,
snapshot_2021_11_05_11_23_09 (1)_License.jpg,
snapshot_2021_11_05_11_23_09_License.jpg,
snapshot_2021_11_05_11_23_09_N.jpg,
snapshot_2021_11_05_11_27_21_N.jpg,
snapshot_2021_11_05_11_27_31_License.jpg,
snapshot_2021_11_05_11_27_41_License.jpg,
snapshot_2021_11_05_11_27_43_License.jpg,
snapshot_2021_11_05_11_33_57_License.jpg,
snapshot_2021_11_05_11_33_58_N.jpg,
snapshot_2021_11_05_11_35_04_N.jpg,
snapshot_2021_11_05_11_35_05_N.jpg,
snapshot_2021_11_05_11_44_03_License.jpg,
snapshot_2021_11_05_11_47_25_License.jpg,
snapshot_2021_11_05_11_47_27_N.jpg,
snapshot_2021_11_05_11_49_13_License.jpg,
snapshot_2021_11_05_11_52_49_License.jpg,
snapshot_2021_11_05_12_02_17_License.jpg,
snapshot_2021_11_05_12_04_01_License.jpg,
snapshot_2021_11_05_12_34_21_License.jpg,
snapshot_2021_11_05_12_34_23 (1)_License.jpg,
snapshot_2021_11_05_12_37_02_License.jpg,
snapshot_2021_11_05_12_38_11_License.jpg,
snapshot_2021_11_05_12_42_54_License.jpg,
snapshot_2021_11_05_12_43_33_License.jpg,
snapshot_2021_11_05_12_43_34_License.jpg,
snapshot_2021_11_05_12_43_35_License.jpg,
snapshot_2021_11_05_12_55_53_N.jpg,
snapshot_2021_11_05_12_55_54_N.jpg,
snapshot_2021_11_05_12_59_39_N.jpg,
snapshot_2021_11_05_12_59_40_License.jpg,
snapshot_2021_11_05_12_59_40_N.jpg,
snapshot_2021_11_05_12_59_41_License.jpg,
snapshot_2021_11_05_13_02_44_License.jpg,
snapshot_2021_11_05_13_04_37_N.jpg,
snapshot_2021_11_05_13_05_41_License.jpg,
snapshot_2021_11_05_13_05_44_License.jpg,
snapshot_2021_11_05_13_05_45_License.jpg,
snapshot_2021_11_05_13_05_58_License.jpg,
snapshot_2021_11_05_13_06_42_License.jpg,
snapshot_2021_11_05_13_08_41_License.jpg,
snapshot_2021_11_05_13_14_37 (1)_License.jpg,
snapshot_2021_11_05_13_14_37_License.jpg,
snapshot_2021_11_05_13_15_30_License.jpg,
snapshot_2021_11_05_13_15_30_N.jpg,
snapshot_2021_11_05_13_18_52_License.jpg,
snapshot_2021_11_05_13_23_03_N.jpg,
snapshot_2021_11_05_13_23_05_License.jpg,
snapshot_2021_11_05_13_34_56_License.jpg,
snapshot_2021_11_05_13_35_54_License.jpg,
snapshot_2021_11_05_13_36_43_N.jpg,
snapshot_2021_11_05_13_47_35_N.jpg,
snapshot_2021_11_05_13_57_23_License.jpg,
snapshot_2021_11_05_14_06_28_License.jpg,
snapshot_2021_11_05_14_07_31_License.jpg,
snapshot_2021_11_05_14_07_48_License.jpg,
snapshot_2021_11_05_14_11_56 (1)_License.jpg,
snapshot_2021_11_05_14_11_56_N.jpg,
snapshot_2021_11_05_14_11_57_License.jpg,
snapshot_2021_11_05_14_15_21 (1)_N.jpg,
snapshot_2021_11_05_14_15_21_License.jpg,
snapshot_2021_11_05_14_15_22_License.jpg,
snapshot_2021_11_05_17_10_13_License.jpg,
snapshot_2021_11_05_17_10_14_License.jpg,
snapshot_2021_11_05_17_10_14_N.jpg,
snapshot_2021_11_08_07_39_07 (1)_N.jpg,
snapshot_2021_11_08_09_51_00_N.jpg,
snapshot_2021_11_08_09_51_03_N.jpg,
snapshot_2021_11_08_09_51_18_License.jpg,
snapshot_2021_11_08_09_53_26_N.jpg,
snapshot_2021_11_08_09_57_56 (1)_N.jpg,
snapshot_2021_11_08_09_57_57_License.jpg,
snapshot_2021_11_08_09_57_57_N.jpg,
snapshot_2021_11_08_10_06_32_License.jpg,
snapshot_2021_11_08_10_06_43_N.jpg,
snapshot_2021_11_08_10_27_11_License.jpg,
snapshot_2021_11_08_10_27_11_N.jpg,
snapshot_2021_11_08_10_27_13_N.jpg,
snapshot_2021_11_08_10_27_15_License.jpg,
snapshot_2021_11_08_10_27_15_N.jpg,
snapshot_2021_11_08_10_27_16_License.jpg,
snapshot_2021_11_08_10_27_32_License.jpg,
snapshot_2021_11_08_10_28_14 (1)_N.jpg,
snapshot_2021_11_08_10_28_14_N.jpg,
snapshot_2021_11_08_10_28_37_License.jpg,
snapshot_2021_11_08_10_28_48_License.jpg,
snapshot_2021_11_08_10_28_49_License.jpg,
snapshot_2021_11_08_10_28_49_N.jpg,
snapshot_2021_11_08_10_41_19_License.jpg,
snapshot_2021_11_08_10_44_15_N.jpg,
snapshot_2021_11_08_11_22_57 (1)_N.jpg,
snapshot_2021_11_08_11_22_57_N.jpg,
snapshot_2021_11_08_11_22_58_License.jpg,
snapshot_2021_11_08_11_24_35_N.jpg,
snapshot_2021_11_08_11_32_43 (1)_License.jpg,
snapshot_2021_11_08_11_32_43_N.jpg,
snapshot_2021_11_08_11_36_18_License.jpg,
snapshot_2021_11_08_11_36_19_License.jpg,
snapshot_2021_11_08_11_36_19_N.jpg,
snapshot_2021_11_08_11_39_36_License.jpg,
snapshot_2021_11_08_11_39_37 (1)_License.jpg,
snapshot_2021_11_08_11_41_39 (1)_N.jpg,
snapshot_2021_11_08_11_41_39_License.jpg,
snapshot_2021_11_08_11_41_39_N.jpg,
snapshot_2021_11_08_11_41_40_N.jpg,
snapshot_2021_11_08_11_43_35_License.jpg,
snapshot_2021_11_08_11_46_39_License.jpg,
snapshot_2021_11_08_11_46_41_License.jpg,
snapshot_2021_11_08_11_48_30_License.jpg,
snapshot_2021_11_08_11_52_50_License.jpg,
snapshot_2021_11_08_11_52_52_License.jpg,
snapshot_2021_11_08_11_52_53_N.jpg,
snapshot_2021_11_08_11_53_02_License.jpg,
snapshot_2021_11_08_11_53_02_N.jpg,
snapshot_2021_11_08_11_54_05_License.jpg,
snapshot_2021_11_08_11_56_37_N.jpg,
snapshot_2021_11_08_12_07_54_License.jpg,
snapshot_2021_11_08_12_07_54_N.jpg,
snapshot_2021_11_08_12_07_55_License.jpg,
snapshot_2021_11_08_12_22_13_License.jpg,
snapshot_2021_11_08_12_22_13_N.jpg,
snapshot_2021_11_08_12_22_15_License.jpg,
snapshot_2021_11_08_12_22_15_N.jpg,
snapshot_2021_11_08_12_22_18_License.jpg,
snapshot_2021_11_08_12_22_18_N.jpg,
snapshot_2021_11_08_12_22_19_N.jpg,
snapshot_2021_11_08_12_25_20_License.jpg,
snapshot_2021_11_08_12_25_23_License.jpg,
snapshot_2021_11_08_12_25_23_N.jpg,
snapshot_2021_11_08_12_26_20_N.jpg,
snapshot_2021_11_08_12_27_59_License.jpg,
snapshot_2021_11_08_12_32_24_N.jpg,
snapshot_2021_11_08_12_32_55_License.jpg,
snapshot_2021_11_08_12_32_55_N.jpg,
snapshot_2021_11_08_12_33_52_License.jpg,
snapshot_2021_11_08_12_40_38_N.jpg,
snapshot_2021_11_08_12_40_39_License.jpg,
snapshot_2021_11_08_12_40_39_N.jpg,
snapshot_2021_11_08_12_50_23_License.jpg,
snapshot_2021_11_08_12_52_41_License.jpg,
snapshot_2021_11_08_13_02_28_N.jpg,
snapshot_2021_11_08_13_10_12_License.jpg,
snapshot_2021_11_08_13_12_48_N.jpg,
snapshot_2021_11_08_13_17_09_License.jpg,
snapshot_2021_11_08_13_20_22_N.jpg,
snapshot_2021_11_08_13_20_23 (1)_N.jpg,
snapshot_2021_11_08_13_26_16_License.jpg,
snapshot_2021_11_08_13_36_13_License.jpg,
snapshot_2021_11_08_15_15_41_License.jpg,
snapshot_2021_11_08_15_16_05_License.jpg,
snapshot_2021_11_08_15_27_57 (1)_License.jpg,
snapshot_2021_11_08_15_27_57_License.jpg,
snapshot_2021_11_08_15_27_58_N.jpg,
snapshot_2021_11_08_15_35_40_License.jpg,
snapshot_2021_11_08_15_36_01 (1)_License.jpg,
snapshot_2021_11_08_15_36_01_License.jpg,
snapshot_2021_11_08_15_36_01_N.jpg,
snapshot_2021_11_08_15_38_22_License.jpg,
snapshot_2021_11_08_15_39_39_License.jpg,
snapshot_2021_11_08_15_39_39_N.jpg,
snapshot_2021_11_08_15_44_40 (1)_License.jpg,
snapshot_2021_11_08_15_50_02_License.jpg,
snapshot_2021_11_08_15_50_03_License.jpg,
snapshot_2021_11_08_15_50_04 (1)_License.jpg,
snapshot_2021_11_08_15_50_06_License.jpg,
snapshot_2021_11_08_16_02_00_N.jpg,
snapshot_2021_11_08_16_19_12_License.jpg,
snapshot_2021_11_08_16_24_13_License.jpg,
snapshot_2021_11_08_16_24_13_N.jpg,
snapshot_2021_11_08_16_45_49_N.jpg,
snapshot_2021_11_08_16_45_51_License.jpg,
snapshot_2021_11_08_16_54_07_N.jpg,
snapshot_2021_11_08_16_58_29_License.jpg,
snapshot_2021_11_12_11_32_59_License.jpg,
snapshot_2021_11_12_11_36_35 (1)_License.jpg,
snapshot_2021_11_12_11_38_19_License.jpg,
snapshot_2021_11_12_11_42_53 (1)_N.jpg,
snapshot_2021_11_12_11_50_15 (1)_License.jpg,
snapshot_2021_11_12_11_50_15 (1)_N.jpg,
snapshot_2021_11_12_11_50_15_License.jpg,
snapshot_2021_11_12_11_50_16_License.jpg,
snapshot_2021_11_12_11_51_17_License.jpg,
snapshot_2021_11_12_11_57_52_License.jpg,
snapshot_2021_11_12_11_57_52_N.jpg,
snapshot_2021_11_12_11_57_53_N.jpg,
snapshot_2021_11_12_12_02_51_License.jpg,
snapshot_2021_11_12_12_02_51_N.jpg,
snapshot_2021_11_12_12_02_52_N.jpg,
snapshot_2021_11_12_12_04_30_License.jpg,
snapshot_2021_11_12_12_04_30_N.jpg,
snapshot_2021_11_12_12_04_31 (1)_License.jpg,
snapshot_2021_11_12_12_04_31 (1)_N.jpg,
snapshot_2021_11_12_12_07_10_License.jpg,
snapshot_2021_11_12_12_12_28_License.jpg,
snapshot_2021_11_12_12_12_28_N.jpg,
snapshot_2021_11_12_12_13_10_N.jpg,
snapshot_2021_11_12_12_13_27_N.jpg,
snapshot_2021_11_12_12_13_31_License.jpg,
snapshot_2021_11_12_12_16_55_License.jpg,
snapshot_2021_11_12_12_19_20_License.jpg,
snapshot_2021_11_12_12_24_52_License.jpg,
snapshot_2021_11_12_12_24_52_N.jpg,
snapshot_2021_11_12_12_44_08_License.jpg,
snapshot_2021_11_12_12_44_09_License.jpg,
snapshot_2021_11_12_12_55_00_N.jpg,
snapshot_2021_11_12_12_56_52_License.jpg,
snapshot_2021_11_12_12_56_53 (1)_License.jpg,
snapshot_2021_11_12_12_56_53 (1)_N.jpg,
snapshot_2021_11_12_13_02_32_N.jpg,
snapshot_2021_11_12_13_06_25_N.jpg,
snapshot_2021_11_12_13_10_51_License.jpg,
snapshot_2021_11_12_13_10_52_N.jpg,
snapshot_2021_11_12_13_19_44_License.jpg,
snapshot_2021_11_12_13_19_46 (1)_License.jpg,
snapshot_2021_11_12_13_24_54_License.jpg,
snapshot_2021_11_12_13_30_38_License.jpg,
snapshot_2021_11_12_15_56_25_License.jpg,
snapshot_2021_11_12_15_58_28_License.jpg,
snapshot_2021_11_12_16_00_36_License.jpg,
snapshot_2021_11_12_16_00_45_License.jpg,
snapshot_2021_11_12_16_02_16_License.jpg,
snapshot_2021_11_12_16_03_27_N.jpg,
snapshot_2021_11_12_16_03_29 (1)_N.jpg,
snapshot_2021_11_12_16_03_29_N.jpg,
snapshot_2021_11_12_16_08_19_License.jpg,
snapshot_2021_11_12_16_08_20_License.jpg,
snapshot_2021_11_12_16_23_46_License.jpg,
snapshot_2021_11_12_17_55_08_License.jpg,
snapshot_2022_02_25_10_46_34_License.jpg,
snapshot_2022_02_25_10_49_35_License.jpg,
snapshot_2022_02_25_10_49_54_N.jpg,
snapshot_2022_02_25_11_02_27_N.jpg,
snapshot_2022_02_25_11_11_59_N.jpg,
snapshot_2022_02_25_11_12_00_License.jpg,
snapshot_2022_02_25_11_12_47_N.jpg,
snapshot_2022_02_25_11_25_40 (1)_License.jpg,
snapshot_2022_02_25_11_25_40_N.jpg,
snapshot_2022_02_25_11_28_05_License.jpg,
snapshot_2022_02_25_11_39_32_License.jpg,
snapshot_2022_02_25_11_50_11 (1)_License.jpg,
snapshot_2022_02_25_12_01_34_License.jpg,
snapshot_2022_02_25_12_01_35_License.jpg,
snapshot_2022_02_25_12_10_03_N.jpg,
snapshot_2022_02_25_12_18_57_License.jpg,
snapshot_2022_02_25_12_21_28_License.jpg,
snapshot_2022_02_25_12_21_29_License.jpg,
snapshot_2022_02_25_12_24_20 (1)_License.jpg,
snapshot_2022_02_25_12_24_20 (1)_N.jpg,
snapshot_2022_02_25_12_24_20_N.jpg,
snapshot_2022_02_25_12_31_00_License.jpg,
snapshot_2022_02_25_12_41_14_License.jpg,
snapshot_2022_02_25_12_41_15_N.jpg,
snapshot_2022_02_25_12_41_23_License.jpg,
snapshot_2022_02_25_12_53_33_License.jpg,
snapshot_2022_02_25_13_00_43_N.jpg,
snapshot_2022_02_25_13_00_45_License.jpg,
snapshot_2022_02_25_13_02_53_N.jpg,
snapshot_2022_02_25_13_07_11_License.jpg,
snapshot_2022_02_25_13_08_21 (1)_N.jpg,
snapshot_2022_02_25_13_43_18_License.jpg,
snapshot_2022_02_25_13_51_57_N.jpg,
snapshot_2022_02_25_13_52_17_License.jpg,
snapshot_2022_02_25_13_53_39_License.jpg,
snapshot_2022_02_25_14_01_29_N.jpg,
snapshot_2022_02_25_14_01_31_License.jpg,
snapshot_2022_02_25_14_01_31_N.jpg,
snapshot_2022_02_25_14_04_58_License.jpg,
snapshot_2022_02_25_14_43_14_License.jpg,
snapshot_2022_02_25_14_44_32_License.jpg,
snapshot_2022_02_25_14_44_32_N.jpg,
snapshot_2022_02_25_14_45_34_License.jpg,
snapshot_2022_02_25_14_45_36_N.jpg,
snapshot_2022_02_25_14_49_40_N.jpg,
snapshot_2022_02_25_14_49_41_N.jpg,
snapshot_2022_02_25_15_15_33_License.jpg,
snapshot_2022_02_25_15_15_35_License.jpg,
snapshot_2022_02_25_15_24_36_License.jpg,
snapshot_2022_02_25_15_24_36_N.jpg,
snapshot_2022_02_25_15_24_37_N.jpg,
snapshot_2022_02_25_16_11_18_License.jpg,
snapshot_2022_02_25_16_11_18_N.jpg,
snapshot_2022_02_28_10_24_45_N.jpg,
snapshot_2022_02_28_11_19_16_License.jpg,
snapshot_2022_02_28_11_19_16_N.jpg,
snapshot_2022_02_28_11_40_53_License.jpg,
snapshot_2022_02_28_11_44_02_N.jpg,
snapshot_2022_02_28_11_50_14 (1)_License.jpg,
snapshot_2022_02_28_11_50_14 (1)_N.jpg,
snapshot_2022_02_28_11_50_14_N.jpg,
snapshot_2022_02_28_12_30_44_N.jpg,
snapshot_2022_02_28_12_39_33 (1)_License.jpg,
snapshot_2022_02_28_12_50_49_License.jpg,
snapshot_2022_02_28_12_57_19_License.jpg,
snapshot_2022_02_28_13_02_21_N.jpg,
snapshot_2022_02_28_13_03_16_License.jpg,
snapshot_2022_02_28_13_03_16_N.jpg,
snapshot_2022_02_28_13_15_02_License.jpg,
snapshot_2022_02_28_14_04_31_License.jpg,
snapshot_2022_02_28_14_20_59 (1)_N.jpg,
snapshot_2022_02_28_14_20_59_N.jpg,
snapshot_2022_02_28_14_38_19_License.jpg,
snapshot_2022_02_28_14_39_05_License.jpg,
snapshot_2022_02_28_14_39_12_License.jpg,
snapshot_2022_02_28_14_40_14_License.jpg,
snapshot_2022_02_28_14_42_24_License.jpg,
snapshot_2022_02_28_14_42_48_License.jpg,
snapshot_2022_02_28_14_42_53_License.jpg,
snapshot_2022_02_28_14_43_28_License.jpg,
snapshot_2022_02_28_14_45_01_License.jpg,
snapshot_2022_02_28_14_47_05_License.jpg,
snapshot_2022_02_28_14_49_03_License.jpg,
snapshot_2022_02_28_14_53_07_License.jpg,
snapshot_2022_02_28_14_56_18_License.jpg,
snapshot_2022_02_28_14_56_19_License.jpg,
snapshot_2022_02_28_14_56_19_N.jpg,
snapshot_2022_02_28_15_11_18_N.jpg,
snapshot_2022_02_28_15_11_52_License.jpg,
snapshot_2022_02_28_15_20_44_License.jpg,
snapshot_2022_02_28_15_32_10_N.jpg,
snapshot_2022_02_28_16_18_02_License.jpg,
snapshot_2022_02_28_16_18_02_N.jpg,
snapshot_2022_03_01_06_57_00_License.jpg,
snapshot_2022_03_01_07_02_28_License.jpg,
snapshot_2022_03_01_07_02_28_N.jpg,
snapshot_2022_03_01_07_02_41_N.jpg,
snapshot_2022_03_01_07_02_47_License.jpg,
snapshot_2022_03_01_07_02_47_N.jpg,
snapshot_2022_03_01_07_02_55_N.jpg,
snapshot_2022_03_01_07_03_02_License.jpg,
snapshot_2022_03_01_07_07_34_License.jpg,
snapshot_2022_03_01_10_08_18_License.jpg,
snapshot_2022_03_01_10_08_19_License.jpg,
snapshot_2022_03_01_10_08_27_License.jpg,
snapshot_2022_03_01_10_08_30 (1)_N.jpg,
snapshot_2022_03_01_10_20_14_License.jpg,
snapshot_2022_03_01_10_20_14_N.jpg,
snapshot_2022_03_01_10_20_16_License.jpg,
snapshot_2022_03_01_10_23_58_License.jpg,
snapshot_2022_03_01_10_32_33 (1)_License.jpg,
snapshot_2022_03_01_10_32_33 (1)_N.jpg,
snapshot_2022_03_01_10_37_10_License.jpg,
snapshot_2022_03_01_10_37_12_N.jpg,
snapshot_2022_03_01_10_49_58_License.jpg,
snapshot_2022_03_01_10_49_58_N.jpg,
snapshot_2022_03_01_10_59_37 (1)_License.jpg,
snapshot_2022_03_01_10_59_37_License.jpg,
snapshot_2022_03_01_11_02_30_N.jpg,
snapshot_2022_03_01_11_32_46_N.jpg,
snapshot_2022_03_01_11_38_53 (1)_License.jpg,
vlcsnap-2021-10-15-16h11m55s863_N.jpg,
vlcsnap-2021-10-15-16h11m56s599_N.jpg,
vlcsnap-2021-10-15-16h11m58s269_License.jpg,
vlcsnap-2021-10-15-16h12m51s055_N.jpg,
vlcsnap-2021-10-15-16h12m54s944_N.jpg,
vlcsnap-2021-10-15-16h12m57s608_N.jpg,
vlcsnap-2021-10-15-16h13m00s683_N.jpg,
vlcsnap-2021-10-15-16h13m03s242_N.jpg,
vlcsnap-2021-10-15-16h13m10s459_N.jpg,
vlcsnap-2021-10-15-16h13m13s760_N.jpg,
vlcsnap-2021-10-15-16h13m16s299_N.jpg,
vlcsnap-2021-10-15-16h13m22s168_N.jpg,
vlcsnap-2021-10-15-16h13m24s172_License.jpg,
vlcsnap-2021-10-15-16h13m29s716_N.jpg,
vlcsnap-2021-10-15-16h13m35s718_License.jpg,
vlcsnap-2021-10-15-16h13m40s355_License.jpg,
vlcsnap-2021-10-15-16h13m46s998_N.jpg,
vlcsnap-2021-10-15-16h13m49s200_N.jpg,
vlcsnap-2021-10-15-16h13m57s006_License.jpg,
vlcsnap-2021-10-15-16h13m57s006_N.jpg,
vlcsnap-2021-10-15-16h14m02s183_N.jpg,
vlcsnap-2021-10-15-16h14m20s470_N.jpg,
vlcsnap-2021-10-15-16h14m21s537_N.jpg,
vlcsnap-2021-10-15-16h14m29s782_N.jpg,
vlcsnap-2021-10-15-16h14m41s266_N.jpg,
vlcsnap-2021-10-15-16h14m51s766_N.jpg,
vlcsnap-2021-10-15-16h14m58s200_License.jpg,
vlcsnap-2021-10-15-16h14m59s199_N.jpg,
vlcsnap-2021-10-15-16h15m00s532_N.jpg,
vlcsnap-2021-10-15-16h15m01s502_N.jpg,
